<?xml version="1.0" encoding="UTF-8"?>
<faces-config
    xmlns="http://java.sun.com/xml/ns/javaee"
    xmlns:xsi="http://www.w3.org/2001/XMLSchema-instance"
    xsi:schemaLocation="http://java.sun.com/xml/ns/javaee http://java.sun.com/xml/ns/javaee/web-facesconfig_2_0.xsd"
    version="2.0">

    <navigation-rule>
        <navigation-case>
        <from-outcome>success</from-outcome>
        <to-view-id>/menupage.xhtml</to-view-id>
        <redirect/>
        </navigation-case>
    </navigation-rule>
    
      <navigation-rule>
        <navigation-case>
        <from-outcome>userconfiguration</from-outcome>
        <to-view-id>/userconfiguration.xhtml</to-view-id>
        <redirect/>
        </navigation-case>
    </navigation-rule>
    
    <navigation-rule>
        <navigation-case>
        <from-outcome>addclginformation</from-outcome>
        <to-view-id>/addclginfo.xhtml</to-view-id>
        <redirect/>
        </navigation-case>
    </navigation-rule>
    
    <navigation-rule>
        <navigation-case>
        <from-outcome>advancedsearch</from-outcome>
        <to-view-id>/advancedsearch.xhtml</to-view-id>
        <redirect/>
        </navigation-case>
    </navigation-rule>
    
    
    
    <navigation-rule>
        <navigation-case>
        <from-outcome>addplacements</from-outcome>
        <to-view-id>/addplacements.xhtml</to-view-id>
        <redirect/>
        </navigation-case>
    </navigation-rule>
    
    <navigation-rule>
        <navigation-case>
        <from-outcome>addevents</from-outcome>
        <to-view-id>/addevents.xhtml</to-view-id>
        <redirect/>
        </navigation-case>
    </navigation-rule>
    
    <navigation-rule>
        <navigation-case>
        <from-outcome>gotoranks</from-outcome>
        <to-view-id>/addranks.xhtml</to-view-id>
        <redirect/>
        </navigation-case>
    </navigation-rule>
    
    
    
    <navigation-rule>
        <navigation-case>
        <from-outcome>searchColgInfo</from-outcome>
        <to-view-id>/searchclg.xhtml</to-view-id>
        <redirect/>
        </navigation-case>
    </navigation-rule>
    
    <navigation-rule>
        <navigation-case>
        <from-outcome>clgSearchResult</from-outcome>
        <to-view-id>/searchclgresults.xhtml</to-view-id>
        <redirect/>
        </navigation-case>
    </navigation-rule>
    
    <navigation-rule>
        <navigation-case>
        <from-outcome>viewclginformation</from-outcome>
        <to-view-id>/viewclginformation.xhtml</to-view-id>
        <redirect/>
        </navigation-case>
    </navigation-rule>
    
    <navigation-rule>
        <navigation-case>
        <from-outcome>adddepartment</from-outcome>
        <to-view-id>/adddepartment.xhtml</to-view-id>
        <redirect/>
        </navigation-case>
    </navigation-rule>
    
    <managed-bean>
     <managed-bean-name>clgBean</managed-bean-name>
     <managed-bean-class>com.cis.beans.CollegeBackingBean</managed-bean-class>
     <managed-bean-scope>session</managed-bean-scope>
    </managed-bean>
    
    <managed-bean>
     <managed-bean-name>loginBean</managed-bean-name>
     <managed-bean-class>com.cis.beans.LoginBackingBean</managed-bean-class>
     <managed-bean-scope>session</managed-bean-scope>
    </managed-bean>
    
    
</faces-config>